{"val/loss": 2.8084158897399902, "val/acc": 22.148147583007812, "val/acc5": 54.44444274902344, "epoch": 2, "trainer/global_step": 944, "_timestamp": 1713599059.1103215, "_runtime": 329.16599559783936, "_step": 5, "train/loss": 2.7456839084625244, "train/acc": 24.27513313293457, "train/acc5": 57.269840240478516, "_wandb": {"runtime": 327}}