{"ext/val/loss": 2.083207130432129, "ext/val/acc": 40.79365158081055, "ext/val/acc5": 75.63491821289062, "epoch": 99, "trainer/global_step": 27299, "_timestamp": 1716129014.1899009, "_runtime": 17674.402715921402, "_step": 199, "ext/train/loss": 0.6379173398017883, "ext/train/acc": 89.23076629638672, "ext/train/acc5": 99.47496795654297, "_wandb": {"runtime": 17672}}