{"mlp/val/loss": 0.324092835187912, "mlp/val/acc": 87.14411163330078, "epoch": 69, "trainer/global_step": 39129, "_timestamp": 1716461164.2146578, "_runtime": 284.367360830307, "_step": 139, "mlp/train/loss": 0.02182961069047451, "mlp/train/acc": 99.81620788574219, "_wandb": {"runtime": 282}}