{"val/loss": 3.1654655933380127, "val/acc": 14.962963104248047, "val/acc5": 44.22222137451172, "epoch": 2, "trainer/global_step": 944, "_timestamp": 1713607897.3605657, "_runtime": 328.01158261299133, "_step": 5, "train/loss": 2.5767858028411865, "train/acc": 29.72486686706543, "train/acc5": 64.05290985107422, "_wandb": {"runtime": 326}}