{"val/loss": 3.148932695388794, "val/acc": 12.0, "val/acc5": 42.96296310424805, "epoch": 0, "trainer/global_step": 0, "_timestamp": 1713600919.8165967, "_runtime": 9.54598069190979, "_step": 0, "_wandb": {"runtime": 7}}