{"mlp/val/loss": 0.6887061595916748, "mlp/val/acc": 80.12914276123047, "epoch": 31, "trainer/global_step": 17887, "_timestamp": 1716465482.7421916, "_runtime": 131.9935646057129, "_step": 63, "mlp/train/loss": 0.0517892949283123, "mlp/train/acc": 98.90911102294922, "_wandb": {"runtime": 129}}