{"train/loss_step": 3.0883803367614746, "train/acc_step": 30.0, "train/acc5_step": 53.33333206176758, "epoch": 2, "trainer/global_step": 944, "_timestamp": 1713497979.7298782, "_runtime": 1294.2471780776978, "_step": 47, "val/loss": 3.1607584953308105, "val/acc": 12.666666984558105, "val/acc5": 41.407405853271484, "train/loss_epoch": 2.642089605331421, "train/acc_epoch": 27.6931209564209, "train/acc5_epoch": 61.86243438720703, "_wandb": {"runtime": 1299}}