{"mlp/val/loss": 1.481573224067688, "mlp/val/acc": 57.469913482666016, "epoch": 30, "trainer/global_step": 17328, "_timestamp": 1716467292.976558, "_runtime": 127.9791829586029, "_step": 61, "mlp/train/loss": 0.1134447306394577, "mlp/train/acc": 96.6923828125, "_wandb": {"runtime": 126}}