{"mlp/val/loss": 1.6918604373931885, "mlp/val/acc": 55.689266204833984, "epoch": 30, "trainer/global_step": 17328, "_timestamp": 1716462269.7193973, "_runtime": 128.7142972946167, "_step": 61, "mlp/train/loss": 0.047658685594797134, "mlp/train/acc": 99.07473754882812, "_wandb": {"runtime": 126}}