{"val/loss": 3.1424927711486816, "val/acc": 13.407407760620117, "val/acc5": 40.74074172973633, "epoch": 2, "trainer/global_step": 944, "_timestamp": 1713507108.197292, "_runtime": 787.7924339771271, "_step": 5, "train/loss": 2.6509287357330322, "train/acc": 27.22751235961914, "train/acc5": 61.80952453613281, "_wandb": {"runtime": 793}}