{"mlp/val/loss": 0.42633235454559326, "mlp/val/acc": 88.7486572265625, "epoch": 58, "trainer/global_step": 32980, "_timestamp": 1716459148.0156438, "_runtime": 238.31804394721985, "_step": 117, "mlp/train/loss": 0.0223294198513031, "mlp/train/acc": 99.83018493652344, "_wandb": {"runtime": 236}}