{"mlp/val/loss": 1.4026201963424683, "mlp/val/acc": 64.66099548339844, "epoch": 30, "trainer/global_step": 17328, "_timestamp": 1716458615.3716624, "_runtime": 127.2212564945221, "_step": 61, "mlp/train/loss": 0.019725993275642395, "mlp/train/acc": 99.86093139648438, "_wandb": {"runtime": 125}}