{"val/loss": 2.7550666332244873, "val/acc": 25.33333396911621, "val/acc5": 57.703704833984375, "epoch": 2, "trainer/global_step": 944, "_timestamp": 1713506306.3833754, "_runtime": 569.6340873241425, "_step": 5, "train/loss": 2.7207846641540527, "train/acc": 24.518518447875977, "train/acc5": 57.69312286376953, "_wandb": {"runtime": 571}}