{"mlp/val/loss": 0.550108790397644, "mlp/val/acc": 88.91497802734375, "epoch": 96, "trainer/global_step": 54222, "_timestamp": 1716456382.8679683, "_runtime": 383.4330472946167, "_step": 193, "mlp/train/loss": 0.003934439271688461, "mlp/train/acc": 99.9979019165039, "_wandb": {"runtime": 381}}