{"val/loss": 3.148932695388794, "val/acc": 12.0, "val/acc5": 42.96296310424805, "epoch": 0, "trainer/global_step": 0, "_timestamp": 1713603244.9705334, "_runtime": 11.23537826538086, "_step": 0, "_wandb": {"runtime": 9}}