{"mlp/val/loss": 0.4773799180984497, "mlp/val/acc": 79.57147216796875, "epoch": 31, "trainer/global_step": 17887, "_timestamp": 1716469307.645994, "_runtime": 133.1622290611267, "_step": 63, "mlp/train/loss": 0.11618544161319733, "mlp/train/acc": 96.68470001220703, "_wandb": {"runtime": 131}}