{"train/loss_step": 3.0923471450805664, "train/acc_step": 23.333332061767578, "train/acc5_step": 66.66666412353516, "epoch": 2, "trainer/global_step": 944, "_timestamp": 1713502797.3867366, "_runtime": 719.029004573822, "_step": 23, "val/loss": 3.1424927711486816, "val/acc": 13.407407760620117, "val/acc5": 40.74074172973633, "train/loss_epoch": 2.6509287357330322, "train/acc_epoch": 27.22751235961914, "train/acc5_epoch": 61.80952453613281, "_wandb": {"runtime": 724}}