{"mlp/val/loss": 0.5644311308860779, "mlp/val/acc": 79.26817321777344, "epoch": 30, "trainer/global_step": 17328, "_timestamp": 1716468649.3917606, "_runtime": 127.608083486557, "_step": 61, "mlp/train/loss": 0.09901373833417892, "mlp/train/acc": 97.56243896484375, "_wandb": {"runtime": 125}}