{"train/loss_step": 3.1325151920318604, "train/acc_step": 30.0, "train/acc5_step": 56.666664123535156, "epoch": 2, "trainer/global_step": 944, "_timestamp": 1713495989.6306913, "_runtime": 1231.461593389511, "_step": 47, "val/loss": 3.158403158187866, "val/acc": 12.962963104248047, "val/acc5": 42.74074172973633, "train/loss_epoch": 2.663717031478882, "train/acc_epoch": 26.603174209594727, "train/acc5_epoch": 61.76719665527344, "_wandb": {"runtime": 1237}}