{"mlp/val/loss": 0.09793685376644135, "mlp/val/acc": 97.50513458251953, "epoch": 45, "trainer/global_step": 25713, "_timestamp": 1716459872.6721907, "_runtime": 198.9532186985016, "_step": 91, "mlp/train/loss": 0.021189283579587936, "mlp/train/acc": 99.85883331298828, "_wandb": {"runtime": 196}}