{"train/loss_step": 2.920294761657715, "train/acc_step": 20.0, "train/acc5_step": 43.33333206176758, "epoch": 2, "trainer/global_step": 944, "_timestamp": 1713499047.4904432, "_runtime": 566.4640772342682, "_step": 23, "val/loss": 2.7550666332244873, "val/acc": 25.33333396911621, "val/acc5": 57.703704833984375, "train/loss_epoch": 2.7207846641540527, "train/acc_epoch": 24.518518447875977, "train/acc5_epoch": 57.69312286376953, "_wandb": {"runtime": 567}}