{"mlp/val/loss": 0.7651292681694031, "mlp/val/acc": 76.15692901611328, "epoch": 31, "trainer/global_step": 17887, "_timestamp": 1716460461.595648, "_runtime": 134.5965859889984, "_step": 63, "mlp/train/loss": 0.020159510895609856, "mlp/train/acc": 99.89727020263672, "_wandb": {"runtime": 132}}