{"mlp/val/loss": 0.6185888648033142, "mlp/val/acc": 78.71049499511719, "epoch": 30, "trainer/global_step": 17328, "_timestamp": 1716446705.8978162, "_runtime": 136.7831151485443, "_step": 61, "mlp/train/loss": 0.010543109849095345, "mlp/train/acc": 99.95038604736328, "_wandb": {"runtime": 135}}