{"mlp/val/loss": 0.20929557085037231, "mlp/val/acc": 92.94589233398438, "epoch": 34, "trainer/global_step": 19564, "_timestamp": 1716460742.8917375, "_runtime": 145.6327395439148, "_step": 69, "mlp/train/loss": 0.021693335846066475, "mlp/train/acc": 99.8343734741211, "_wandb": {"runtime": 143}}